regime,rate_tx_per_min,n_seeds,p50_commit_latency_s_mean,p95_commit_latency_s_mean,mean_commit_latency_s
Edge-IIoTset-calibrated,10,10,0.34499999999999886,0.35483799567553753,0.34994010082590027
Edge-IIoTset-calibrated,50,10,0.34500000000001657,0.55233307209834,0.3748102221783946
Edge-IIoTset-calibrated,100,10,0.3450000000000273,0.7392063810515992,0.43052569470327573
Edge-IIoTset-calibrated,200,10,0.698619966462718,2.2443396989765287,0.9019037570839427
TON_IoT-calibrated,10,10,0.34499999999999886,0.345591735768069,0.3495102696681064
TON_IoT-calibrated,50,10,0.3450000000000141,0.5522756876123025,0.3741995116628998
TON_IoT-calibrated,100,10,0.3450000000000273,0.7435089180669595,0.43055390289766465
TON_IoT-calibrated,200,10,0.6833689031635167,2.0407401393135656,0.8680360461862774
